query_id,query,short_answer,generated_answer,llm_judge_a,annotator_1,annotator_2
peE569AM64P7,what is the point of an amazon echo dot,"['designed to be connected to external speakers due to size of the onboard speakers, or to be used in rooms such as the bedroom as an alternative to the full-sized Echo']","The primary point of an Amazon Echo Dot is to provide a compact and affordable version of the Amazon Echo smart speaker. It is designed to be connected to external speakers or used in rooms where the original Echo's size may not be suitable. The Echo Dot has the same functions as the original Echo, including voice interaction, music",1,,
6cMFY1k9RzLR,who played the mom on lost in space,['June Lockhart'],"June Lockhart played the role of Dr. Maureen Robinson, the mother of the Robinson family, on the CBS television series Lost in Space",1,,
3WiXVGDcPaRK,what is the meaning of black history month,['a way for remembering important people and events in the history of the African diaspora'],"Black History Month, also known as African-American History Month in the U.S., is an annual observance in Canada, the United Kingdom, and the United States. It began as a way for remembering important people and events in the history of the African diaspora. The precursor to Black History Month was created in 1",1,,
AKoUU0cQkFv7,who wrote the happy birthday to you tune,['Patty and Mildred J. Hill'],"The Happy Birthday to You tune was likely written by the Hill sisters, Patty and Mildred J. Hill. They published the song ""Good Morning to All"" in their songbook Song Stories for the Kindergarten in 1893. The song's melody has been disputed, with some claiming it was copied from",1,,
mgxM0QWG7Tuf,who played adam in bonanza and where is he,"['Pernell Elven Roberts, Jr.']","Pernell Elven Roberts, Jr. played the role of Adam Cartwright in Bonanza. He is best known for his role as Adam Cartwright, the eldest son of Ben Cartwright, in the Western television series Bonanza",1,,
BIxJh6aYZvzQ,who sang i can't help falling in love with you first,['Elvis Presley'],"Elvis Presley first sang ""I Can't Help Falling in Love with You"" in 1962",1,,
AlXvpEOd12tU,who played the father in father of the bride,['Steve Martin'],"The father in ""Father of the Bride"" is played by Steve Martin",1,,
fIqfP7TCairk,what do you mean by clipping in computer graphics,['a method to selectively enable or disable rendering operations within a defined region of interest'],"In computer graphics, clipping refers to the process of selectively enabling or disabling rendering operations within a defined region of interest. This region is typically a rectangular shape, but it can also be a more complex shape, such as a sphere or a cube. The clipping process involves removing any parts of the scene model that fall outside the",1,,
d7pCGcyjbWTZ,which province of canada has a large french population,['Quebec'],"The province of Quebec in Canada has a large French population. According to the information provided, about 77% of Quebec's population are native francophones, and 95% of the population speak French as their first or second language",1,,
jZFSqycqhYyL,who controls the monetary policy in the united states,['the Federal Reserve'],"The Federal Reserve System, commonly referred to as the Federal Reserve, controls the monetary policy in the United States. As a quasi-public institution, the Federal Reserve is responsible for implementing monetary policy, primarily by performing operations that influence short-term interest rates",1,,
sexo8cU2CVYh,world's first steamship driven by a screw propeller,['SS Archimedes'],"SS Archimedes, built in Britain in 1839, is the world's first steamship driven by a screw propeller",1,,
WqHmx8i3bvUs,who sang the original killing me softly with his song,['Lori Lieberman'],"The original ""Killing Me Softly with His Song"" was sung by Lori Lieberman",1,,
gIfHkVIs4jQn,where can nonmetals be found on the periodic table,['dividing line between metals and nonmetals'],"Nonmetals can be found on the periodic table in the right-hand side of the dividing line, which is also known as the metalloid line or the semimetal line. This line separates the metals from the nonmetals. The elements to the lower left of this line generally display increasing metallic behavior, while",1,,
ydnGNfUKKHP9,what methods are used to measure the activity of an enzyme,['Enzyme assays'],"There are several methods used to measure the activity of an enzyme, including:",1,,
SvGbcZdLIcMl,when did the soviets declared war on japan,"['August 9, 1945']","The Soviets declared war on Japan on August 8, 1945, just before midnight",0,,
JmWYiztfhNuG,where is the young and the restless taped,"['CBS Television City, studios 41 and 43 in Hollywood']","The Young and the Restless was originally taped at CBS Television City, studios 41 and 43 in Hollywood, since its debut on March 26, 1973",1,,
SOGrKcmTQ7xg,when did canada stop using 2 dollar bills,['1996'],"The Bank of Canada stopped printing the $2 note in 1996, with the release of the toonie (a coin that replaced it)",1,,
D0W5DPcWq4qw,what is the meaning of radius of gyration,"['the radial distance of a point from the axis of rotation at which, if whole mass of the body is assumed to be concentrated, its moment of inertia about the given axis would be the same as with its actual distribution of mass']","The radius of gyration is a measure of the distribution of mass within an object or a polymer chain. It is defined as the distance from the axis of rotation at which the entire mass of the object or chain could be concentrated without changing its moment of inertia. In simpler terms, it is the distance from the axis of",1,,
9vlDB8PI8kN1,who played bass on oh what a night,['Don Ciccone'],"Don Ciccone played bass on ""December, 1963 (Oh, What a Night)"" by the Four Seasons",1,,
iq61VUOTuAep,who plays severide's parents on chicago fire,['Benny Severide (Treat Williams)Jennifer Sheridan (Kim Delaney)'],"The character of Kelly Severide's parents on Chicago Fire is portrayed by Treat Williams and Kim Delaney. Treat Williams plays the role of CFD Captain Benny Severide, while Kim Delaney plays Jennifer Sheridan, Kelly's mother",1,,
YmSegYlhCVSj,when did suit life on deck come out,"['September 26, 2008']","The Suite Life on Deck premiered in the United States on September 26, 2008, on Disney Channel",1,,
n2kE7faCAvcw,where does the publishers clearing house get their money,"['sells merchandise, magazine subscriptions and operates several prize-based websites']","The Publishers Clearing House (PCH) gets its money primarily from selling magazine subscriptions at a discount and advertising subscriptions along with its sweepstakes. The company also sells merchandise, such as books, media, jewelry, and other consumer items. Additionally, PCH operates eight websites, including PCH Search and Win, P",1,,
SzNM3QmGp3NR,who wins the tennis match in battle of the sexes,['Billie Jean King'],"In the 1973 ""Battle of the Sexes"" match, Billie Jean King won against Bobby Riggs",1,,
ty36AvWsFskb,what hotel was the las vegas shooting in,['Mandalay Bay hotel'],The Las Vegas shooting took place at the Route 91 Harvest music festival on the Las Vegas Strip in the Mandalay Bay hotel,1,,
14j6zs9MlJ7p,who sang the james bond theme song live and let die,['Wings'],"Paul McCartney and Wings sang the James Bond theme song ""Live and Let Die""",1,,
YxKAJQURoa9b,who played gibbs in pirates of the caribbean,['Kevin Robert McNally'],Kevin Robert McNally played the character of Joshamee Gibbs in the Pirates of the Caribbean film series,1,,
W23TA6jhOvdq,which books of the bible are written in aramaic,['DanielEzra'],The books of the Bible that are written in Aramaic are:,1,,
hPKOzvvqBtwR,what is the accent over the i in spanish called,['acute accent'],"The accent over the ""i"" in Spanish is called a tilde",1,,
0mtYbLhbwwbu,who wrote the song be still and know i am,['Kelly ClarksonAben Eubanks'],"The song ""Be Still"" was written by Kelly Clarkson and Aben Eubanks",1,,
3LmCdwD5YOGK,where did serena van der woodsen go to college,['Columbia'],Serena van der Woodsen attended the prestigious Constance Billard School in New York City,0,,
jWMqhHPRF7nQ,who wrote the lyrics to the first time ever i saw your face,['British political singer/songwriter Ewan MacColl'],"The lyrics to ""The First Time Ever I Saw Your Face"" were written by British political singer-songwriter Ewan MacColl for Peggy Seeger, who later became his wife. The song was first performed by the couple in folk clubs around Britain in the 1950s",1,,
9Kb98cMxaSvA,who came first in the great north run,['Mo Farah'],"The first Great North Run was staged on 28 June 1981, when 12,000 runners participated",0,,
MLd2XozzEbHz,who plays the blackfish in game of thrones,['Clive Russell'],"Clive Russell plays the role of Brynden ""The Blackfish"" Tully in the HBO series Game of Thrones",1,,
rLTSoYrQqfvj,when did the us buy land from mexico,['1848'],"The United States bought land from Mexico in the Treaty of Guadalupe Hidalgo, which was signed on February 2, 1848. This treaty officially ended the Mexican-American War and transferred a significant amount of land from Mexico to the United States",1,,
DxEwJQmh7qLD,who played drusilla in once upon a time,['Adelaide Kane'],"Adelaide Kane played Drizella, one of Cinderella's wicked stepsisters, in Once Upon a Time",1,,
r2dPKx2DChDC,who plays shane's dad on the l word,['Eric Roberts'],"Eric Roberts plays Shane's father, Gabriel McCutcheon, on the L Word",1,,
OUqJ8P7ClbVU,calcutta was capital of british till which year,['1911'],Calcutta was the capital of British India until 1911,1,,
V4X2eVKRiekI,when did the old jason leave general hospital,['2012'],"The old Jason, played by Billy Miller, left General Hospital in 2014",0,,
jA5LuEk01icl,why are birds such as kiwi and penguin unable to fly,['through evolution'],"Birds like kiwi and penguins are unable to fly due to the evolution of flightlessness. Over time, these birds have lost the ability to fly as they adapted to their specific environments and habitats",1,,
NaAN7TnZyJo6,what is the final battle of the civil war,['The Battle of Palmito Ranch'],"The final battle of the American Civil War is considered to be the Battle of Palmito Ranch, which took place on May 12 and 13, 1865, in Texas. This battle is often referred to as the last land battle fought between the North and the South. However, some",1,,
lUE4N3xdn1m9,who wrote the song i would rather go blind,['Ellington Jordan'],"The song ""I'd Rather Go Blind"" was written by Ellington Jordan and co-credited to Billy Foster. However, Etta James, who is the artist who recorded the song, wrote in her autobiography that she heard the song outlined by her friend Ellington ""Fugi"" Jordan when she visited him",1,,
2QHUkSTZxUbS,what is the name of the sword the danes give beowulf,['Hrunting'],The name of the sword that the Danes give Beowulf is Hrunting,1,,
2QMdlfFVXQUh,when was the old testament translated into greek,['3rd–1st centuries BC'],"The Old Testament was translated into Greek in the 3rd and 1st centuries BC, as part of the Septuagint (LXX)",1,,
DTlbcXeOAsT2,who is widely recognized as the first forensic accountant,['Scotland'],"The first person widely recognized as the first forensic accountant is Luca Pacioli, also known as The Father of accounting and bookkeeping. He was the first person to publish a work on double-entry bookkeeping and introduced the field in Italy",0,,
D0IH4jWNJmfk,the initial structure for british bomb disposal parties in 1939 was composed of,"['ten sections, each section having a bomb disposal officer and 14 other ranks to assist']",The initial structure for British bomb disposal parties in 1939 was composed of Royal Air Force or Air Raid Precautions personnel,0,,
6WPIXtT78iwH,what type of book is the kite runner,['novel'],The Kite Runner is a novel. It is a work of fiction written by Afghan-American author Khaled Hosseini,1,,
KyntekXv2zld,when did bmw 5 series change body style,"['The wagon/estate body style (called ""Touring"") was added in 1991 and the 5-door fastback (called ""Gran Turismo"") was added in 2009']","The BMW 5 Series changed body style from 1990 to 1996. The E34 was the third generation of the 5 Series, and it was launched in the sedan body style, with the range expanded in 1990 to include the ""Touring""",0,,
CaVDAv6ImV6p,who has the most mlb wins in a row,['Cleveland Indians'],"The 1916 New York Giants hold the record for the most MLB wins in a row, with a streak of 26 consecutive wins",0,,
QROaFewY5XkA,who set the fires in little fires everywhere,['Izzy'],"In the novel ""Little Fires Everywhere"" by Celeste Ng, it is revealed that Izzy, the sister of Mia and Pearl, set the fires on their beds",1,,
uFLWojMPYoT5,where was the world cup trophy found in 1966,"['at the bottom of a suburban garden hedge in Beulah Hill, Upper Norwood, South London']","The World Cup trophy was found in Beulah Hill, Upper Norwood, South London, on March 27, 1966, just seven days after it was stolen",1,,
8PsESVQXwTvM,when did season 2 of atlanta come out,"['March 1, 2018']","Season 2 of Atlanta premiered on March 1, 2018",1,,
IaDG2i9EHY9c,how many cards in hand magic the gathering,['seven'],"In Magic: The Gathering, each player starts with a hand of 7 cards",1,,
gGB5ozHnoimH,who compiled the first list of national roads,['John J. Pershing'],"The first list of national roads was compiled by General John J. Pershing, former head of the American Expeditionary Force in Europe during the war, in 1922. He submitted a detailed network of 20,000 miles (32,000 km) of interconnected primary",1,,
3YP6yeKjY1io,who played mike tv in willy wonka 2005,['Paris Themmen'],Peter Gardner Ostrum played Mike Teevee in the 2005 remake of Willy Wonka & the Chocolate Factory,0,,
dnQrzn8tvqmE,what is the cause of smog in china,['the burning of fossil fuels'],"The cause of smog in China is primarily due to the burning of fossil fuels, such as coal, in power plants and vehicles, which releases particulate matter (PM) into the atmosphere. Additionally, the immense urban growth of Chinese cities has led to the burning of fossil fuels for energy, resulting in smog. Furthermore, the",1,,
xQ89XgXGhWcB,why do we celebrate harvest festival in india,['Ample food and freedom from the necessity to work in the fields'],"Harvest Festival is celebrated in India to mark the end of the harvest season and to express gratitude for the bounty of nature. The festival is also a time for family gatherings, feasting, and giving thanks for the harvest. It is a time to celebrate the fruits of the land and to honor the farmers who work hard",1,,
ohritaHU9esJ,which country will host the summer olympics in 2020,['Tokyo'],The 2020 Summer Olympics will be hosted by Japan,1,,
R15JfYH1OXgM,when does the regular season for football start,"['September 7, 2017']","The regular season for the 2017 NFL season starts on September 7, 2017",1,,
GHeG6yWVFSkg,who did massachusetts send to london to negotiate the legality of their charter,['Increase Mather'],Massachusetts sent Increase Mather to London to negotiate the legality of their charter,1,,
EiWtweyjkBsr,when do you see darth vader's face,['Return of the Jedi'],"Darth Vader's face is first seen in the 1983 film ""The Empire Strikes Back.""",0,,
8TReDuIfsiSn,how much horsepower does a 2005 chrysler 300c have,['340'],The 2005 Chrysler 300C has a standard 3.5-liter V6 engine that produces 220 horsepower (164 kW),0,,
HosQyjVFGkiq,what did rhea give cronus to eat in place of their youngest son,"['a stone wrapped in swaddling clothes, also known as the Omphalos Stone']","According to the information provided, Rhea secretly gave Cronus a stone wrapped in swaddling clothes, also known as the Omphalos Stone, which he promptly swallowed, thinking that it was his son Zeus. This stone was meant to replace their youngest son, Zeus, who was born in Crete",1,,
lhCtFEhQmabf,total number of state bank of india branches,"['more than 24,000']","Based on the information provided, the total number of State Bank of India (SBI) branches in India is 18,354",1,,
lAW9JNenLYP8,where did the first america's cup take place,['Isle of Wight in England'],"The first America's Cup took place on 22 August 1851 in England, specifically around the Isle of Wight. The race was won by the schooner America",1,,
SDJ9TG56ifSt,when did the battle of vimy ridge happen,['9 to 12 April 1917'],The Battle of Vimy Ridge took place from 9 to 12 April 1917 during the First World War,1,,
KBvW5eU78LIS,who played archie bunker on all in the family,"[""John Carroll O'Connor""]",John Carroll O'Connor played the role of Archie Bunker on the popular television sitcom All in the Family,1,,
BNnTvNUhkysU,when did cake by the ocean come out,"['September 18, 2015']","""Cake by the Ocean"" was released on September 18, 2015, and to radio on September 29, 2015 through Republic Records",1,,
BJx2fkFoEo1g,the constitutional amendment limiting the president to only two elected terms is the,['22nd Amendment'],"The constitutional amendment limiting the President to only two elected terms is the 22nd Amendment of the United States Constitution. It was proposed by the 80th Congress in March 1947 and ratified by the required 36 states on February 27, 1951. This amendment",1,,
WRnVrl7dPVWi,what nfl team does jj watt's brother play for,['Los Angeles ChargersPittsburgh Steelers'],"J.J. Watt's brother, T.J. Watt, plays for the Pittsburgh Steelers",1,,
WuEyAXcRhhWb,who sings i told you so country song,['American country music singer Randy Travis'],"Randy Travis sings the song ""I Told You So"" in the country song",1,,
tzdWTt73w1d0,who told umbridge about dumbledore's army in the book,['Marietta Edgecombe'],"In the Harry Potter series, it is not explicitly stated who told Umbridge about Dumbledore's Army. However, based on the information provided, it is likely that it was either Harry, Ron, or Hermione who informed her about the group",0,,
8Du8notayj0z,what did the voyager 2 discover about neptune,"['the ""Great Dark Spot""']","Voyager 2 discovered the ""Great Dark Spot"" on Neptune, which is a large, anticyclonic storm on the planet's southern hemisphere. This storm is similar to Jupiter's Great Red Spot, but it is much larger and more complex. The Great Dark Spot was first observed by Voyager 2 in",1,,
ddkaZ4juGrdm,what are the names of the american pickers,['Mike WolfeFrank Fritz'],The names of the American Pickers are Mike Wolfe and Frank Fritz,1,,
5QHOMet6OlZY,quantitative easing refers to the process whereby the federal reserve,['buys predetermined amounts of government bonds or other financial assets in order to stimulate the economy and increase liquidity'],"Quantitative easing refers to the process whereby the Federal Reserve, the central bank of the United States, buys predetermined amounts of government bonds or other financial assets in the open market from commercial banks and other financial institutions. This action increases the excess reserves that banks hold, which in turn can facilitate an expansion of private bank lending",1,,
nByyDx5ySIqz,who plays the clown in it 2017 cast,['Bill Skarsgård'],"The 2017 film ""It"" features a diverse cast of actors, but the main characters are portrayed by the following actors:",1,,
ir3TsjpBh0ul,what are the names of the tweenies characters,['BellaMiloFizzJakeMaxJudyDoodlesIzzles'],The names of the Tweenies characters are:,1,,
jEjiuDKlQYDN,how many miles out is considered international waters,['12 nautical miles'],"International waters are typically considered to be 12 nautical miles (22.2 km; 13.8 mi) from the baseline of a coastal state, as defined by the 1982 United Nations Convention on the Law of the Sea. This is the area where a state has limited control for",1,,
1hCz95oP2mcC,who plays mantis in the guardians of the galaxy,['Pom Klementieff'],Klementieff plays the role of Mantis in the film Guardians of the Galaxy Vol. 2 (2017),1,,
mVmgxD9UUyJV,who won first gold medal in olympic for india,['India national field hockey team'],Abhinav Bindra won the first gold medal in the Olympic Games for India in the Men's 10m Air Rifle event at the 2008 Beijing Olympics,0,,
OeP2I0RzgdS0,who played clarice starling in silence of the lambs,['Jodie Foster'],"In the film adaptation of The Silence of the Lambs, Clarice Starling was played by Jodie Foster",1,,
fjJMsk9tHttk,who is next in line for the british thrown,"['Charles, Prince of Wales']","Based on the information provided, the next in line for the British throne is Prince William, Duke of Cambridge, the son of the Queen's eldest son, Prince Charles, Prince of Wales",0,,
F3WdVqtyBy4q,when did they put gates on downing street,['1989'],The barriers were erected at the St James's Park end of the street for the unveiling of the Cenotaph on 11 November 1920. This event took place before the construction of the current gates on Downing Street,0,,
FxHUrHh0tfXS,where was the shape of water movie filmed,"['Toronto and Hamilton, Ontario']","The Shape of Water was filmed in Toronto and Hamilton, Ontario, and in Baltimore, Maryland",1,,
jFpOTGREvZWZ,who is ellaria sand on game of thrones,['Indira Varma'],"Ellaria Sand is a fictional character in the A Song of Ice and Fire series of high fantasy novels by George R. R. Martin and its television adaptation, Game of Thrones. She is portrayed by the British actress Indira Varma in the TV show. Ellaria is a bastard from Dorne but is",1,,
qDtdbxNu3Q4p,what body of water is located west of florida,['the Gulf of Mexico'],The body of water located west of Florida is the Gulf of Mexico,1,,
w7idirinhbPZ,when did the evacuations from dunkirk beach happen,['between 26 May and 4 June 1940'],"The evacuations from Dunkirk began on the first day of the Battle of France, which started on 10 May 1940. The evacuation continued until the end of the Battle of France, which lasted until 4 June 1940. The largest number of evacuations occurred between",1,,
Q3P5K3XfKB1E,who is the dancer on thinking out loud,['Brittany Cherry'],"The dancer on ""Thinking Out Loud"" is Brittany Cherry. She is a contestant from the televised American dance competition, So You Think You Can Dance, and she performs a ballroom dance with Ed Sheeran in the video",1,,
FBksv897FERZ,who abolished monarchy in france and declared it a republic,['National Convention of France'],"The proclamation of the abolition of the monarchy and the declaration of the First French Republic was made by the National Convention of France on 21 September 1792. Jean-Marie Collot d'Herbois, a député for Paris, proposed the abolition of the monarchy, and the decision was",1,,
66OoDXkZXb6v,there will be blood why did hw set fire,['to kill Henry'],"Based on the information provided, H. W. set fire to Daniel's house in order to kill Henry, his half-brother. This was done because H. W. was angry with Daniel for sending Henry away to a school for the deaf in San Francisco, and he wanted to punish him for his behavior",1,,
bmOHnKYaXRvj,movie where guy can't make new memories,['Memento'],"The movie where Guy can't make new memories is ""Memento."" In the film, the protagonist, Leonard Shelby, suffers from anterograde amnesia, which prevents him from forming new memories. He uses an intricate system of Polaroid photographs and tattoos to track information he cannot remember. The film is",1,,
s7e9w06K3rx0,when did the first episode of days of our lives air,"['November 8, 1965']","The first episode of Days of Our Lives aired on March 25, 1968, on the Nine Network",0,,
vNU0J8XZyZ29,who wrote o brother where art thou soundtrack,['the Coen Brothers'],"The O Brother, Where Art Thou? soundtrack was written by the Coen Brothers, Ethan and Joel. They are the writers, directors, and producers of the film",1,,
PAV9STLTkqAG,when was joseph and the technicolor dreamcoat written,['1967'],Joseph and the Amazing Technicolor Dreamcoat was written in 1969,0,,
WoHcdIMCbaND,where do you put the stickers on ohio license plates,['sticker placed at the bottom right corner'],The stickers with the county number are placed on the lower left corner of both the front and rear plates of Ohio license plates. The county number is displayed in small print below the number,0,,
aE57igRpYv8H,where was mamma mia here we go agsin filmed,"['in Croatia, including the island of VisShepperton Studios in Surrey, England']","Mamma Mia! Here We Go Again was filmed in Croatia and at Shepperton Studios in Surrey, England",1,,
Ylb6WES6qAv8,who sings you're gonna miss me when i'm gone from pitch perfect,['Anna Kendrick'],"The song ""You're Gonna Miss Me When I'm Gone"" from Pitch Perfect is sung by the character Beca Mitchell (Anna Kendrick) in the film. The song is a version of the 1931 Carter Family song ""When I'm Gone"", which was reworked in",1,,
upABAk36A1ZO,who is the music that died in american pie,"['rock and roll musicians Buddy Holly, Ritchie Valens, and J. P. ""The Big Bopper"" Richardson']","The music that died in ""American Pie"" is Buddy Holly, Ritchie Valens, and J.P. ""The Big Bopper"" Richardson",1,,
8tprWTqviOW0,what is the depth of the salton sea,['43 feet (13 m)'],The depth of the Salton Sea is approximately 236.0 feet (71.9 meters) below sea level as of January 2018,0,,
ArB2TOeOvGQY,who is regarded as the finest stringed instrument builder of all time,['Antonio Stradivari'],"Antonio Stradivari is regarded as the finest stringed instrument builder of all time. His instruments, such as violins, cellos, guitars, violas, and harps, are highly prized and still played by professionals today",1,,
ILft9SGVZe8N,where is the kola peninsula located on a map,['in the far northwest of Russiainside the Arctic Circle'],"The Kola Peninsula is located in the far northwest of Russia, almost completely inside the Arctic Circle. It is situated in the Murmansk Oblast region, bordering the Barents Sea in the north and the White Sea in the east and southeast. The peninsula is a part of the Baltic Shield geological region and covers",1,,
6gSwbOG76Iat,the law of the sea treaty established a uniform territorial sea of,['12-nautical-mile (22 km)'],"The Law of the Sea Convention established a uniform territorial sea of 12 nautical miles (22 km) for all countries, but it also provided for the possibility of coastal states to extend their territorial sea up to 200 nautical miles (370 km) in certain cases, such as in",1,,
uz7fv0L6beGf,who own the rights to the black panther movie,['Marvel StudiosWalt Disney Studios Motion Pictures'],"The Black Panther movie is owned by Marvel Studios, which is a subsidiary of The Walt Disney Company. The film's production was led by Ryan Coogler, who is also the director, and Joe Robert Cole, who co-wrote the screenplay. The movie's release was also supported by AMC",1,,
VUD4jehVVK5r,what is the term for a female reproductive cell apex,['the ovule'],"The term for a female reproductive cell apex is ""ovule.""",1,,
kI08gAvmkT5u,who plays sammy on days of our lives,['Alison Sweeney'],Sami Brady is played by Alison Sweeney on the soap opera Days of Our Lives,1,,
zxGv9mNlpQCs,which country had taken lead in establishing saarc,['Bangladesh'],"The country that had taken the lead in establishing SAARC was Bangladesh. According to the information provided, the union was established in Dhaka with Kathmandu being the union's secretariat-general. The first SAARC summit was held in Dhaka on 7–8 December 1985 and hosted by",1,,
IIev2B1BRzUc,what does the name brand mcm stand for,['Michael Cromer München'],"The name ""MCM"" stands for Michael Cromer München, which was the original name of the company founded by Michael Cromer in Munich, Germany, in 1976. The company was later restructured and its name was changed to MCM Worldwide in 2005",1,,
hyytvyL89MUD,who organised a march on the tanjore coast to break the salt law in april 1930,['Mahatma Gandhi'],"The march on the Tanjore coast to break the salt law in April 1930 was organized by C. Rajagopalachari, a close associate of Mahatma Gandhi",0,,
fZonaZ8rTnkZ,who played ruth in its a wonderful life,['Virginia Ann Patton'],Virginia Ann Patton played the role of Ruth Dakin Bailey in Frank Capra's It's a Wonderful Life (1946),1,,
OeNVM6TNnnOE,who has won the boat race more times,['Cambridge'],"Oxford University has won the men's Boat Race more times than Cambridge University. Oxford has won the men's race 80 times, while Cambridge has won it 83 times",1,,
IaobJOP9yDUb,when does april appear in grey's anatomy,['in the fifth episode of the sixth season'],"April Kepner first appears in the episode ""Invasion"" in the season 1 of Grey's Anatomy. She is introduced as a surgical resident from Mercy West Hospital who joins the staff at Seattle Grace Mercy West after the two hospitals merge to compensate for the absence of some of the central cast members",0,,
wxmWFjuhFHnM,who is the nba player who scored 100 points,['Wilt Chamberlain'],"The NBA player who scored 100 points in a single game is Wilt Chamberlain of the Philadelphia Warriors. He scored 100 points against the New York Knicks during a game played at Hersheypark Arena in Hershey, Pennsylvania, on March 2, 19",1,,
u6cueWMGWLgi,what year did seat belts come out in australia,['19701971By 1973'],Seat belts were introduced in Australia in 1964,0,,
C1J3qRK9xyJY,where did the i love you virus originate,['the Pandacan neighborhood of Manila in the Philippines'],"The ILOVEYOU virus originated in the Pandacan neighborhood of Manila, Philippines, on May 5, 2000",1,,
zrRL6UafGtas,where is the actor who played karate kid,['Ralph George Macchio Jr.'],"The actor who played the character of Daniel LaRusso in the Karate Kid is Ralph George Macchio Jr. He is currently residing in southern California, USA",1,,
lhmSQotHN6ok,when did cars land open in california adventure,"['June 15, 2012']","Cars Land opened in Disney California Adventure on June 15, 2012",1,,
8ubhe6ic905h,when does the show six come back on,['likely premiere in 2018'],"Based on the information provided, the show ""Six"" is set to return for a second season on February 23, 2018",1,,
wEukHLoCW4Gf,what is it called when you blur the background in a photo,"[', bokeh']","The term ""Bokeh"" is used to describe the aesthetic quality of the blur produced in the out-of-focus parts of an image produced by a lens. It is a Japanese term that refers to the way the lens renders out-of-focus points of light",1,,
tMk3zDEcCGBv,how many editions of the dsm are there,"['The DSM is now in its fifth edition, the DSM-5']",There are 5 editions of the Diagnostic and Statistical Manual of Mental Disorders (DSM),1,,
sUE4VAmCISZv,where does the tip of a picc line end,['the superior vena cava'],"The tip of a PICC line ends in the superior vena cava (SVC) or the cavoatrial junction. The PICC line is inserted through a peripheral vein in the arm, such as the cephalic, basilic, or brachial vein, and then advanced proximally toward the",1,,
rAtVw5GDgkO9,the process of nitrification is carried out by what group of organisms,['autotrophic bacteriaarchaea'],"The process of nitrification is carried out by groups of autotrophic bacteria and archaea, specifically Nitrosomonas, Nitrospira, and Nitrospira, as well as some Thaumarchaeota (formerly Crenarchaeota). These microbes are responsible for the oxidation of ammonia to nitrite and nitrite",1,,
glbnfflRjWKu,who was the host of the dating game,['James John Lange'],James John Lange was the host of The Dating Game,1,,
Ka5G0k3KXwKs,which are the port roles in stp protocol,['rootdesignatedblocked'],"In the Spanning Tree Protocol (STP) protocol, there are two primary port roles: designated ports and non-designated ports (also known as non-root ports)",1,,
eU2XoBAJRf9B,what is the name of the jewish skull cap,['kippah'],The name of the Jewish skull cap is kippah,1,,
sZjfqWCGKtd2,who played jfk in the movie 13 days,['Bruce Greenwood'],"Kevin Costner played John F. Kennedy in the movie ""13 Days.""",0,,
5AvhOqHxEAUn,where are most peanuts grown in the us,"['the southeastern United States region which includes Alabama, Georgia, and Floridathe southwestern United States region which includes New Mexico, Oklahoma, and Texasthe general eastern United States which include Virginia, North Carolina, and South Carolina']","Most peanuts grown in the United States are produced in the southeastern United States region, specifically in the states of Georgia, Alabama, and Florida",1,,
l5q1LQEENDSl,who does the song take me to church,['Hozier'],"The song ""Take Me to Church"" was written and recorded by Irish musician Hozier",1,,
ZAw0z8FOKmiX,where was the movie guns of navarone filmed,"['Greek island of RhodesAnthony Quinn BayGozo, near MaltaTino, in the Ligurian Sea']","The movie ""The Guns of Navarone"" was filmed in various locations around the world. Some of the key filming locations included:",1,,
lKQyRYcxQnrn,who is going to play in the rose bowl 2018,['the Oklahoma Sooners and the Georgia Bulldogs'],"The 2018 Rose Bowl will feature the #2-ranked Oklahoma Sooners, champions of the Big 12 Conference, playing against the #3-ranked Georgia Bulldogs, champions of the Southeastern Conference",1,,
6CJJGkxU5iaX,where is the brisket on a cow located,['the breast or lower chest'],"The brisket is located on the breast or lower chest of a cow. In the United States, it is a cut of meat from the lower chest of beef or veal",1,,
EyxHgn8yowIN,who will be the king after the queen dies,"['Charles, Prince of Wales']","The king after the Queen dies will be Charles, Prince of Wales, who is the Queen's eldest son. He is the heir apparent, meaning he is next in line to the throne after the Queen",1,,
jQzW52TdimuP,what are two methods in article v of proposing constitutional amendments,['by the Congress with a two-thirds vote in both the House of Representatives and the Senateby a convention of states called for by two-thirds of the state legislatures'],Article V of the United States Constitution provides two methods for proposing constitutional amendments:,1,,
IjclxAC1th2m,who is the detective in sons of anarchy,['Agent June Stahl'],The detective in Sons of Anarchy is Agent June Stahl. She is a fictional character played by Ally Walker,1,,
9pLGC3Itqib5,where does the oil go from a pump jack,['reciprocating piston pump'],"The oil produced from a pumpjack goes to the surface through the tubing, which is a metal pipe that runs the length of the well. The tubing is connected to the sucker rod pump, which has two ball check valves: a standing valve at the bottom of the tubing and a traveling valve on the piston connected to",1,,
J3AA5GEc8sCR,what does cdw stand for on car rental,['optional damage insurance coverage that is available to you when you rent a car'],CDW stands for Collision Damage Waiver. It is an optional insurance coverage that is available to you when you rent a car,1,,
Zxht8GKyO3Fy,the concept of fundamental duties was adopted from the constitution of which country,['India'],"The concept of fundamental duties was adopted from the Constitution of Pakistan. The Fundamental Duties were added to the Constitution of India by the 42nd Amendment in 1976, upon the recommendations of the Swaran Singh Committee that was constituted by the government earlier that year. These duties were originally ten in number",0,,
e6KQWqTrdGgt,who wants to be a millionaire first uk winner,['Judith Cynthia Aline Keppel'],"Judith Cynthia Aline Keppel, born 18 August 1942, is the first one-million-pound winner on the television game show Who Wants to Be a Millionaire? in the United Kingdom. She is also the only woman in the United Kingdom to have won it and",1,,
T1OUBRknyuIR,when can you use the term patent pending,"['can be used in relation to a product or process once a patent application for the product or process has been filed, but prior to the patent being issued or the application abandoned']","According to the United States Patent and Trademark Office, the term ""Patent Pending"" can be used when a patent application has been filed, but not yet issued. This is permitted so long as the application has been filed in accordance with the rules and regulations set by the United States Patent and Trademark",1,,
9JV3sC6xYCgu,who plays liam in season 1 of black mirror,['Toby Kebbell'],Toby Kebbell plays the character of Liam in the first season of Black Mirror,1,,
CyBNGJCiCwk7,when is a breast cancer patient considered a survivor,"['""living with or beyond cancer""']","According to the National Coalition for Cancer Survivorship (NCCS) and the US National Cancer Institute's Office of Cancer Survivorship, a breast cancer patient is considered a survivor from the time of initial diagnosis until their death. This definition includes people who are currently undergoing treatment, those who have completed treatment, and those who",1,,
acNOMwDGxovJ,who wrote the story of alice in wonderland,['Charles Lutwidge Dodgson under the pseudonym Lewis Carroll'],The story of Alice in Wonderland was written by English author Charles Lutwidge Dodgson under the pseudonym Lewis Carroll,1,,
Kg3VBYoy4mGh,who sings can't you see what that woman's been doin to me,['The Marshall Tucker Band'],"The song ""Can't You See"" is sung by the American country music artist Waylon Jennings",0,,
wQBmcFBVpJ6E,who plays hugo in the vicar of dibley,['James Edward Fleet'],"James Edward Fleet plays the role of Hugo Horton in the British sitcom ""The Vicar of Dibley.""",1,,
vMzO1zqHnKTm,who is the founder of pak n save,['Foodstuffs'],The founder of Pak'nSave is David McLean. He founded the company in 1985,0,,
jRoyd2t51VLz,who introduced the color wheel to represent the organization of color,['Isaac Newton'],"The color wheel was introduced by Sir Isaac Newton in his work ""Opticks"" (1704). Newton arranged the colors of the visible spectrum in a circle to predict the admixture of light",1,,
ttl583VWsSkS,how many panes of glass in the louvre pyramid,['603 rhombus-shaped70 triangular glass segments'],"According to the information provided, the Louvre Pyramid consists of 673 glass panes",0,,
8wPPjhLc1ULi,ye rishta kya kehlata hai serial actress name,['Yeh Rishta Kya Kehlata Hai'],"The main actress of Yeh Rishta Kya Kehlata Hai is Naira, played by Shivangi Joshi",1,,
lWAeHf4DDWDF,where are the next winter games going to be held,"[""in Beijing and towns in the neighboring Hebei province, People's Republic of China""]","The next Winter Olympics will be held in Beijing, China, from 4 to 20 February 2022",1,,
rGGYvUNWhsAf,where was the first harvey's restaurant located,"['at the southeast corner of Yonge Street and Observatory Lane in Richmond Hill, Ontario']","The first Harvey's restaurant was located at the southeast corner of Yonge Street and Observatory Lane in Richmond Hill, Ontario, on a 10-acre (40,000 m2) parcel of land purchased from the owner of a bankrupt Dairy Queen",1,,
C3uBMukxcFWv,who wrote the music for twinkle twinkle little star,['Jane Taylor'],"The music for ""Twinkle, Twinkle, Little Star"" was written by Charles Randolph Grean, Fred Hertz, and Leonard Nimoy. However, the English lyrics were first written as a poem by Jane Taylor (1783–1824) and published with the title ""The Star""",0,,
Eow0Ga4wPwhL,when was the last time the cavs won a championship,['2016'],"The last time the Cleveland Cavaliers won a championship was in 2016, when they won their first NBA championship and first major sports title in the city since 1964",1,,
e9Qn7tnB5cQR,who is milo on dancing eith the stars,['actor'],Milo Manheim is the actor who will be partnered with Witney Carson on Dancing with the Stars in season 27,1,,
oJPf6DpxaUKs,who sang what do you want to make them eyes at me for,['Ada JonesBilly Murray'],"The song ""What Do You Want to Make Those Eyes at Me For?"" was originally sung by Ada Jones and Billy Murray in 1917. However, the most well-known version of the song is the doo-wop version by Emile Ford and the Checkmates, which became a UK hit",1,,
zc5xJmBp4SFE,who died in the fate of the furious 8,['Elena'],"In The Fate of the Furious (2017), Paul Walker, who played Brian O'Conner, died in a single-vehicle crash during the filming of Furious 7 (2015) on November 30, 2013",0,,
UyNdu6qcWvkv,where does the superior vena cava lead to,['the right atrium of the heart'],"The superior vena cava (SVC) leads to the right atrium of the heart. It is a large-diameter vein that receives venous return from the upper half of the body, above the diaphragm, and is located in the anterior right superior mediastinum. The SVC is formed by the left",1,,
aCYq8OXnr2lQ,what is the show sons of anarchy about,"[""the lives of a close-knit outlaw motorcycle club operating in Charming, a fictional town in California's Central Valley""]","The show Sons of Anarchy is about the lives of a close-knit outlaw motorcycle club, Sons of Anarchy Motorcycle Club, Redwood Original (SAMCRO), which operates in Charming, a fictional town in California's Central Valley. The show follows the personal and family life of Jackson ""Jax",1,,
RVyN2otMmxo9,where is the external oblique located in the body,['on the lateral and anterior parts of the abdomen'],"The external oblique muscle is located on the lateral and anterior parts of the abdomen. It is a large, thin, and irregularly quadrilateral muscle that is situated just deep to the external oblique. The muscular portion of the external oblique is situated on the side of the abdomen, while its aponeurosis is the anterior",1,,
LzWThDfsY0Tw,what was the original name of the cape of good hope,"['""Cape of Storms""']","The original name of the Cape of Good Hope was ""Cabo das Tormentas"" or ""Cape of Storms"" in Portuguese. This name was given by Portuguese explorer Bartolomeu Dias in 1488",1,,
0T208asHWOJF,by 1967 the reaction against the war on poverty resulted in,"['fatal disadvantage [because] the programs have never proceeded on a coordinated basis...[and noted that] at no time has a total, coordinated and fully adequate program been conceived']","The reaction against the War on Poverty by 1967 resulted in a decline in support for welfare state programs, especially those that targeted specific groups and neighborhoods. Many whites viewed Great Society programs as supporting the economic and social needs of low-income urban minorities, leading to diminished support. Additionally, Martin Luther King criticized",0,,
x5hDSl9HniJ8,when was the motto in god we trust adopted,['1956'],"The motto ""In God We Trust"" was adopted in the United States of America in 1956",1,,
vkc1vYtkHnyA,the type of electrical current in which electrons flow first in one direction then in the other is,['alternating'],"The type of electrical current in which electrons flow first in one direction then in the other is called Alternating Current (AC). In contrast, Direct Current (DC) is the unidirectional flow of electric charge, or a system in which the movement of electric charge is in one direction only",1,,
4gNXjtrfzdQO,who organized the non brahmin movement in maharashtra,['Satyashodhak Samaj'],"The non-Brahmin movement in Maharashtra was organized by Jyotirao Phule, a social reformer and founder of the Satyashodhak Samaj (Truth-seekers' Society) in Pune, India, on 24 September 1873. The Samaj aimed to",1,,
VvdPNaZY78cY,lead-glass material used for decorative items made by lalique,['crystal'],"Lalique uses lead-glass material for the production of decorative items. This material is particularly well-suited for creating intricate and detailed designs, which is a hallmark of Lalique's artistic glass works. The use of lead-glass allows for a wide range of colors and textures, making it a versatile material for Lal",1,,
Ms8VBqNxxnxY,where is the biggest guinness brewery in the world,['Ireland'],"The biggest Guinness brewery in the world is located in St. James's Gate, Dublin, Ireland. It was founded in 1759 and is now a part of Diageo, a British company formed from the merger of Guinness and Grand Metropolitan in 1997. The brewery",1,,
YnSvxk7VQcv3,when did visors become mandatory in the nhl,['2013'],Visors became mandatory in the NHL starting from the 2006-07 season,0,,
A6GtUqhoOVNX,this type of receptor is found in the eye,['photoreceptor cell'],"The type of receptor you are referring to is a photoreceptor cell, which is a specialized type of sensory neuron found in the retina. These cells are responsible for converting light into signals that can stimulate biological processes. There are currently three known types of photoreceptor cells in mammalian eyes: rods, cones, and photosensitive retinal",1,,
fTGnYkoCpsrU,olmec colossal heads were created using this method of sculpting,['direct percussionhammerstonesAbrasives'],"Based on the information provided, the method of sculpting the Olmec colossal heads is described as follows:",0,,
C1kZWWvYdaB7,who is the main female character in as you like it,['Rosalind'],"The main female character in As You Like It is Rosalind. She is the protagonist of the play and is known for her wit, intelligence, and her ability to navigate the complexities of love and identity",1,,
cPps93xFbrAl,what is the man's name in alvin and the chipmunks,['David (Dave) Seville'],The man's name in Alvin and the Chipmunks is Agent James Suggs,0,,
GopxhPTYNNbU,after how much time we can withdraw money from ppf,['from the start of the seventh financial year.'],"Based on the information provided, you can withdraw money from a PPF (Public Provident Fund) account after 15 years of maturity. The maximum amount that can be withdrawn pre-maturely is equal to 50% of the amount that stood in the account at the end of the 4th",0,,
4QD0qpJxMdDE,who did we buy the louisiana territory from,['France'],The United States bought the Louisiana Territory from France,1,,
1SaR5ttzuuMZ,when does the handmaids tale season 2 start,"['April 25, 2018']","The Handmaid's Tale Season 2 premiered on April 25, 2018, on April 25, 2018",1,,
xjtydElFFosx,when did the bears start playing at soldier field,['1971'],"The Chicago Bears started playing at Soldier Field on November 27, 1926, during the 29th annual playing of the Army–Navy Game",0,,
aAEqW69ZVzfe,the state of himachal accounts for how much area of india,"['55,673 square kilometres']",Himachal Pradesh accounts for 3.3% of the total area of India,1,,
veGepXAG0Z4l,when did stink bugs come to the us,['1998'],The brown marmorated stink bug was accidentally introduced to the United States in September 1998,1,,
ELotbBWp21eJ,when does the new tv series young sheldon start,"['November 2, 2017']","Young Sheldon, a spin-off prequel to The Big Bang Theory, began airing weekly episodes on CBS from November 2, 2017. It premiered as a special preview on September 25, 2017",1,,
Fo8A3wDApISf,who wrote the song ask the blind man he saw it all,['Daryl Mosley'],"The song ""Ask the Blind Man"" was written by Daryl Mosley",1,,
bSJz4wHezQq3,when is hispanic heritage month celebrated in the united states,['September 15 to October 15'],Hispanic Heritage Month in the United States is celebrated from September 15 to October 15. This period recognizes the contributions of Hispanic and Latino Americans to the group's heritage and culture,1,,
htN8oKoYEDbF,what does the song running against the wind mean,"['about aging and dealing with ""all the burdens we\'ll ever have to face.""']","The song ""Running Against the Wind"" by Bob Seger & The Silver Bullet Band is a metaphor for overcoming obstacles and challenges in life. The lyrics describe a person who is running against the wind, which symbolizes the difficulties and hardships that one faces in life. The song is about the struggle to keep moving forward despite the",1,,
CAjCCc2Gwx0V,who plays will gardner on the good wife,['Joshua Aaron Charles'],"Joshua Aaron Charles plays the role of Will Gardner on the TV series ""The Good Wife.""",1,,
T2kSSE2Q1XBg,who wrote the score to lord of the rings,['Howard Leslie Shore'],The score to Lord of the Rings was written by Howard Leslie Shore,1,,
m98rzKyLETms,describe fractional ownership of a small aircraft fleet,"['where multiple owners share the costs of purchasing, leasing and operating the aircraft']","Fractional ownership of a small aircraft fleet refers to a commercial system where multiple individuals or organizations share the costs and benefits of owning a small fleet of aircraft. In this system, the aircraft is split into smaller fractions, typically 1/16 or 1/8, which represent a certain number of hours per",1,,
0gHy7KjtL0db,who has won the most formula 1 world championships,['German Michael Schumacher'],"Based on the information provided, Michael Schumacher has won the most Formula 1 World Championships with seven titles",1,,
jJYdhkFbWHc2,where did the first chick fil a open,['1967'],"The first Chick-fil-A opened in 1967, in the food court of the Greenbriar Mall, in a suburb of Atlanta. During the 1970s and early 1980s, the chain expanded by opening new franchises in suburban malls' food courts",1,,
X6fkwV13XRkG,which is the other name that mount k2 is known by,['Mount Godwin-AustenChhogori'],The other name that Mount K2 is known by is Chhogori (Balti and Urdu: چھوغوری‎),1,,
s0J3NYnQedSK,who is the king singing to in hamilton,['the rebelling American colonists'],"In ""You'll Be Back,"" the King of Great Britain is singing to the American colonists",1,,
jYwxgeYWHCKf,what does the song like a prayer mean,"['young girl in love with God, who becomes the only male figure in her life.']","""Like a Prayer"" is a song by Madonna, and its meaning can be interpreted in multiple ways. The song is a mix of pop rock, gospel, and funk music, which is reflected in its lyrics. The song is about a passionate young girl in love with God, who becomes the only male figure",1,,
9OgQC7f5NlON,what is the main religion of the dominican republic,['Catholicism'],"The main religion in the Dominican Republic is Roman Catholicism, with an estimated 78% of the population being baptized Catholics",1,,
Lb89EMHjT5lb,name of thailands new year festival in april,['Songkran'],Thailand's New Year's festival is known as Songkran,1,,
hMXI2R93AUcP,where is the rock and roll hall of fame located,"['The Rock and Roll Hall of Fame, located on the shore of Lake Erie in downtown Cleveland, Ohio,']","The Rock and Roll Hall of Fame is located in Cleveland, Ohio, on the shore of Lake Erie in downtown Cleveland. It is situated on the Metro Campus of Cuyahoga Community College in the city's Campus District",1,,
UDgyuAkK7wBB,what does code red mean in the emergency room,['fire has broken out somewhere in the hospital facility'],"In the emergency room, ""code red"" is a hospital emergency code that indicates a fire has broken out somewhere in the hospital facility. This code is used to alert the hospital staff and emergency response teams to respond to the fire and ensure the safety of everyone in the hospital",1,,
bowSH6FQMU2p,who did the voice of jessica rabbit in who framed roger rabbit,['Kathleen TurnerAmy Irving'],Kathleen Turner provided the voice of Jessica Rabbit in Who Framed Roger Rabbit,1,,
Ct5T9QoLFrgW,where in scripture can you find the gifts of the holy spirit,['chapter 5 of the Epistle to the Galatians'],"The gifts of the Holy Spirit are mentioned in the New Testament, particularly in the book of Acts and the Epistles. Some of the key passages where the gifts of the Holy Spirit are mentioned include:",1,,
FVr9Qh8yXv6U,who was the owner of the union pacific railroad,['Union Pacific Corporation (NYSE: UNP)'],"The owner of the Union Pacific Railroad was Jay Gould. He was the dominant stockholder of the original Union Pacific Rail Road, which was incorporated on July 1, 1862. The Union Pacific Rail Road was taken over by the new Union Pacific Railway on January 24, 1880",0,,
4FJo9RD6Pcm1,who plays john in last tango in halifax,['Tony Gardner'],"In Last Tango in Halifax, John is played by Tony Gardner",1,,
ALwZPTKLL7OV,what musical is the song there's a place for us,['West Side Story'],"The musical is ""West Side Story""",1,,
aWqUv7w9UqZR,where does the story of the nutcracker take place,['Land of Sweets'],"The story of the Nutcracker takes place in Saint Petersburg, Russia. It is set in the winter season, and the main characters, Clara and the Nutcracker Prince, live in a grand house in the city",0,,
PQVUHUdbgYDU,when does the tv series the purge start,"['September 4, 2018']","The Purge, a television series, is set to premiere on September 4, 2018",1,,
ays80jUzvgH6,when did the new season of the amazing race start,"['January 3, 2018']","The new season of The Amazing Race, The Amazing Race 30, started on January 3, 2018",1,,
xMsOSaBMN6m1,article 25-28 of the indian constitution deal with __,['Freedom of religion'],"Article 25-28 of the Indian Constitution deal with the fundamental right to freedom of religion, which includes the right to freely practice, profess, and propagate religion, subject to public order, morality, and health",1,,
VguIdtsiZaXl,how long is the boardwalk in myrtle beach sc,['1.2 miles'],"The Myrtle Beach Boardwalk & Promenade in Myrtle Beach, South Carolina, is 1.2 miles (1.9 km) long",1,,
